ref_aa	alt_aa	score
S	R	110
R	R	0
L	R	0
P	R	0
T	R	0
A	R	0
V	R	0
G	R	0
I	R	0
F	R	0
Y	R	0
C	R	0
H	R	0
Q	R	0
N	R	0
K	R	0
D	R	0
E	R	0
M	R	0
S	L	145
R	L	102
L	L	0
P	L	0
T	L	0
A	L	0
V	L	0
G	L	0
I	L	0
F	L	0
Y	L	0
C	L	0
H	L	0
Q	L	0
N	L	0
K	L	0
D	L	0
E	L	0
M	L	0
S	P	74
R	P	103
L	P	98
P	P	0
T	P	0
A	P	0
V	P	0
G	P	0
I	P	0
F	P	0
Y	P	0
C	P	0
H	P	0
Q	P	0
N	P	0
K	P	0
D	P	0
E	P	0
M	P	0
S	T	58
R	T	71
L	T	92
P	T	38
T	T	0
A	T	0
V	T	0
G	T	0
I	T	0
F	T	0
Y	T	0
C	T	0
H	T	0
Q	T	0
N	T	0
K	T	0
D	T	0
E	T	0
M	T	0
S	A	99
R	A	112
L	A	96
P	A	27
T	A	58
A	A	0
V	A	0
G	A	0
I	A	0
F	A	0
Y	A	0
C	A	0
H	A	0
Q	A	0
N	A	0
K	A	0
D	A	0
E	A	0
M	A	0
S	V	124
R	V	96
L	V	32
P	V	68
T	V	69
A	V	64
V	V	0
G	V	0
I	V	0
F	V	0
Y	V	0
C	V	0
H	V	0
Q	V	0
N	V	0
K	V	0
D	V	0
E	V	0
M	V	0
S	G	56
R	G	125
L	G	138
P	G	42
T	G	59
A	G	60
V	G	109
G	G	0
I	G	0
F	G	0
Y	G	0
C	G	0
H	G	0
Q	G	0
N	G	0
K	G	0
D	G	0
E	G	0
M	G	0
S	I	142
R	I	97
L	I	5
P	I	95
T	I	89
A	I	94
V	I	29
G	I	135
I	I	0
F	I	0
Y	I	0
C	I	0
H	I	0
Q	I	0
N	I	0
K	I	0
D	I	0
E	I	0
M	I	0
S	F	155
R	F	97
L	F	22
P	F	114
T	F	103
A	F	113
V	F	50
G	F	153
I	F	21
F	F	0
Y	F	0
C	F	0
H	F	0
Q	F	0
N	F	0
K	F	0
D	F	0
E	F	0
M	F	0
S	Y	144
R	Y	77
L	Y	36
P	Y	110
T	Y	92
A	Y	112
V	Y	55
G	Y	147
I	Y	33
F	Y	22
Y	Y	0
C	Y	0
H	Y	0
Q	Y	0
N	Y	0
K	Y	0
D	Y	0
E	Y	0
M	Y	0
S	C	112
R	C	180
L	C	198
P	C	169
T	C	149
A	C	195
V	C	192
G	C	159
I	C	198
F	C	205
Y	C	194
C	C	0
H	C	0
Q	C	0
N	C	0
K	C	0
D	C	0
E	C	0
M	C	0
S	H	89
R	H	29
L	H	99
P	H	77
T	H	47
A	H	86
V	H	84
G	H	98
I	H	94
F	H	100
Y	H	83
C	H	174
H	H	0
Q	H	0
N	H	0
K	H	0
D	H	0
E	H	0
M	H	0
S	Q	68
R	Q	43
L	Q	113
P	Q	76
T	Q	42
A	Q	91
V	Q	96
G	Q	87
I	Q	109
F	Q	116
Y	Q	99
C	Q	154
H	Q	24
Q	Q	0
N	Q	0
K	Q	0
D	Q	0
E	Q	0
M	Q	0
S	N	46
R	N	86
L	N	153
P	N	91
T	N	65
A	N	111
V	N	133
G	N	80
I	N	149
F	N	158
Y	N	143
C	N	139
H	N	68
Q	N	46
N	N	0
K	N	0
D	N	0
E	N	0
M	N	0
S	K	121
R	K	26
L	K	107
P	K	103
T	K	78
A	K	106
V	K	97
G	K	127
I	K	102
F	K	102
Y	K	85
C	K	202
H	K	32
Q	K	53
N	K	94
K	K	0
D	K	0
E	K	0
M	K	0
S	D	65
R	D	96
L	D	172
P	D	108
T	D	85
A	D	126
V	D	152
G	D	94
I	D	168
F	D	177
Y	D	160
C	D	154
H	D	81
Q	D	61
N	D	23
K	D	101
D	D	0
E	D	0
M	D	0
S	E	80
R	E	54
L	E	138
P	E	93
T	E	65
A	E	107
V	E	121
G	E	98
I	E	134
F	E	140
Y	E	122
C	E	170
H	E	40
Q	E	29
N	E	42
K	E	56
D	E	45
E	E	0
M	E	0
S	M	135
R	M	91
L	M	15
P	M	87
T	M	81
A	M	84
V	M	21
G	M	127
I	M	10
F	M	28
Y	M	36
C	M	196
H	M	87
Q	M	101
N	M	142
K	M	95
D	M	160
E	M	126
M	M	0
S	W	177
R	W	101
L	W	61
P	W	147
T	W	128
A	W	148
V	W	88
G	W	184
I	W	61
F	W	40
Y	W	37
C	W	215
H	W	115
Q	W	130
N	W	174
K	W	110
D	W	181
E	W	152
M	W	67
